<odoo>
<!--    &lt;!&ndash; Module Category &ndash;&gt;-->
<!--    <record id="module_category_jss_roles" models="ir.module.category">-->
<!--        <field name="name">JSS Roles</field>-->
<!--        <field name="sequence">25</field>-->
<!--    </record>-->

<!--    &lt;!&ndash; Store (lowest level) &ndash;&gt;-->
<!--    <record id="group_store" models="res.groups">-->
<!--        <field name="name">Store</field>-->
<!--        <field name="category_id" ref="jss.module_category_jss_roles"/>-->
<!--    </record>-->

<!--    &lt;!&ndash; Certifying Staff inherits Store &ndash;&gt;-->
<!--    <record id="group_certifying_staff" models="res.groups">-->
<!--        <field name="name">Certifying Staff</field>-->
<!--        <field name="category_id" ref="jss.module_category_jss_roles"/>-->
<!--        <field name="implied_ids" eval="[(4, ref('jss.group_store'))]"/>-->
<!--    </record>-->

<!--    &lt;!&ndash; Workshop Manager inherits Certifying Staff &ndash;&gt;-->
<!--    <record id="group_workshop_manager" models="res.groups">-->
<!--        <field name="name">Workshop Manager</field>-->
<!--        <field name="category_id" ref="jss.module_category_jss_roles"/>-->
<!--        <field name="implied_ids" eval="[(4, ref('jss.group_certifying_staff'))]"/>-->
<!--    </record>-->

<!--    &lt;!&ndash; Planning inherits Workshop Manager &ndash;&gt;-->
<!--    <record id="group_operations" models="res.groups">-->
<!--        <field name="name">Planning</field>-->
<!--        <field name="category_id" ref="jss.module_category_jss_roles"/>-->
<!--        <field name="implied_ids" eval="[(4, ref('jss.group_workshop_manager'))]"/>-->
<!--    </record>-->

<!--    &lt;!&ndash; Engineer inherits Planning and Workshop Manager &ndash;&gt;-->
<!--    <record id="group_engineer" models="res.groups">-->
<!--        <field name="name">Engineer</field>-->
<!--        <field name="category_id" ref="jss.module_category_jss_roles"/>-->
<!--        <field name="implied_ids" eval="[-->
<!--            (4, ref('jss.group_operations')),-->
<!--            (4, ref('jss.group_workshop_manager'))-->
<!--        ]"/>-->
<!--    </record>-->

<!--    &lt;!&ndash; Super User (doesn't need to inherit anything) &ndash;&gt;-->
<!--    <record id="group_super_user" models="res.groups">-->
<!--        <field name="name">Super User</field>-->
<!--        <field name="category_id" ref="jss.module_category_jss_roles"/>-->
<!--    </record>-->
    <record id="module_category_jss_roles" model="ir.module.category">
        <field name="name">JSS Roles</field>
        <field name="sequence">25</field>
    </record>
    <record id="group_super_user" model="res.groups">
        <field name="name">Super User</field>
        <field name="category_id" ref="jss_code.module_category_jss_roles"/>
    </record>

    <record id="group_engineer" model="res.groups">
        <field name="name">Engineer</field>
        <field name="category_id" ref="jss_code.module_category_jss_roles"/>
    </record>

    <record id="group_dispatcher" model="res.groups">
        <field name="name">Dispatcher</field>
        <field name="category_id" ref="jss_code.module_category_jss_roles"/>
    </record>

    <record id="group_quality" model="res.groups">
        <field name="name">Quality Manager</field>
        <field name="category_id" ref="jss_code.module_category_jss_roles"/>
    </record>

    <record id="group_deputy_quality_manager" model="res.groups">
        <field name="name">Deputy Quality Manager</field>
        <field name="category_id" ref="jss_code.module_category_jss_roles"/>
    </record>

    <record id="group_operations" model="res.groups">
        <field name="name">Planning</field>
        <field name="category_id" ref="jss_code.module_category_jss_roles"/>
    </record>

    <record id="group_workshop_manager" model="res.groups">
        <field name="name">Workshop Manager</field>
        <field name="category_id" ref="jss_code.module_category_jss_roles"/>
    </record>

    <record id="group_deputy_workshop_manager" model="res.groups">
        <field name="name">Deputy Workshop Manager</field>
        <field name="category_id" ref="jss_code.module_category_jss_roles"/>
    </record>

    <record id="group_certifying_staff" model="res.groups">
        <field name="name">Certifying Staff</field>
        <field name="category_id" ref="jss_code.module_category_jss_roles"/>
    </record>

    <record id="group_store" model="res.groups">
        <field name="name">Store</field>
        <field name="category_id" ref="jss_code.module_category_jss_roles"/>
    </record>
</odoo>
