<odoo>

    <record id="module_category_jss_roles" model="ir.module.category">
        <field name="name">JSS Roles</field>
        <field name="sequence">25</field>
    </record>
    <record id="group_super_user" model="res.groups">
        <field name="name">Super User</field>
        <field name="category_id" ref="jss_code.module_category_jss_roles"/>
    </record>

    <record id="group_engineer" model="res.groups">
        <field name="name">Engineer</field>
        <field name="category_id" ref="jss_code.module_category_jss_roles"/>
    </record>

    <record id="group_dispatcher" model="res.groups">
        <field name="name">Dispatcher</field>
        <field name="category_id" ref="jss_code.module_category_jss_roles"/>
    </record>

    <record id="group_quality" model="res.groups">
        <field name="name">Quality Manager</field>
        <field name="category_id" ref="jss_code.module_category_jss_roles"/>
    </record>

    <record id="group_deputy_quality_manager" model="res.groups">
        <field name="name">Deputy Quality Manager</field>
        <field name="category_id" ref="jss_code.module_category_jss_roles"/>
    </record>

    <record id="group_operations" model="res.groups">
        <field name="name">Planning</field>
        <field name="category_id" ref="jss_code.module_category_jss_roles"/>
    </record>

    <record id="group_workshop_manager" model="res.groups">
        <field name="name">Workshop Manager</field>
        <field name="category_id" ref="jss_code.module_category_jss_roles"/>
    </record>

    <record id="group_deputy_workshop_manager" model="res.groups">
        <field name="name">Deputy Workshop Manager</field>
        <field name="category_id" ref="jss_code.module_category_jss_roles"/>
    </record>

    <record id="group_certifying_staff" model="res.groups">
        <field name="name">Certifying Staff</field>
        <field name="category_id" ref="jss_code.module_category_jss_roles"/>
    </record>

    <record id="group_store" model="res.groups">
        <field name="name">Store</field>
        <field name="category_id" ref="jss_code.module_category_jss_roles"/>
    </record>
</odoo>
