id,name,model_id:id,group_id:id,perm_read,perm_write,perm_create,perm_unlink
access_salary_structure_user,access.salary.structure.user,model_hr_salary_structure_custom,hr.group_hr_user,1,1,1,1
access_salary_calculation_user,access.salary.calculation.user,model_hr_salary_calculation_custom,hr.group_hr_user,1,1,1,1
access_bonus_insentive_user,access.bonus.insentive.user,model_bonus_insentive,base.group_user,1,1,1,1
access_deduction_rule_user,access.deduction.rule.user,model_deduction_rule,base.group_user,1,1,1,1
