<odoo>
    <data noupdate="1">
        <record id="ir_cron_time_exceed" model="ir.cron">
            <field name="name">Force Punch Out</field>
            <field name="model_id" ref="model_employee_attendance"/>
            <field name="state">code</field>
            <field name="code">model.get_active_employees()</field>
            <field name="interval_number">1</field>
            <field name="interval_type">days</field>
            <field name="numbercall">-1</field>
            <field name="active">True</field>
        </record>
    </data>
</odoo>
