<odoo>
    <data noupdate="1">
<!--        <record model="ir.module.category" id="module_category_administration">-->
<!--            <field name="name">Administration11</field>-->
<!--            <field name="sequence">100</field>-->
<!--            <field name="parent_id" eval="False"/>-->
<!--        </record>-->
<!--        <record model="ir.module.category" id="module_category_administration_administration">-->
<!--            <field name="name">Administration22</field>-->
<!--            <field name="parent_id" ref="module_category_administration"/>-->
<!--        </record>-->
<!--        <record model="res.groups" id="group_erp_manager">-->
<!--            <field name="name">Access Rights11</field>-->
<!--            <field name="implied_ids" eval="[Command.link(ref('group_user'))]"/>-->
<!--        </record>-->
<!--        <record model="res.groups" id="group_system">-->
<!--            <field name="name">Settings2121</field>-->
<!--            <field name="implied_ids" eval="[Command.link(ref('group_erp_manager')), Command.link(ref('group_sanitize_override'))]"/>-->
<!--            <field name="users" eval="[Command.link(ref('base.user_root')), Command.link(ref('base.user_admin'))]"/>-->
<!--        </record>-->
        <record id="module_category_hrms_roles" model="ir.module.category">
            <field name="name">HRMS Roles</field>
            <field name="sequence">25</field>
        </record>
        <!-- Groups -->
        <record id="group_super_admin" model="res.groups">
            <field name="name">Super Admin</field>
            <field name="category_id" ref="hr_employee_ext.module_category_hrms_roles"/>
        </record>

        <record id="group_hr_manager" model="res.groups">
            <field name="name">HR Manager</field>
            <field name="category_id" ref="hr_employee_ext.module_category_hrms_roles"/>
        </record>

        <record id="group_finance_admin" model="res.groups">
            <field name="name">Finance Admin</field>
            <field name="category_id" ref="hr_employee_ext.module_category_hrms_roles"/>
        </record>

        <record id="group_compliance_officer" model="res.groups">
            <field name="name">Compliance Officer</field>
            <field name="category_id" ref="hr_employee_ext.module_category_hrms_roles"/>
        </record>

    </data>
</odoo>
