id,name,model_id:id,group_id:id,perm_read,perm_write,perm_create,perm_unlink
access_employee_attendance_all,access_employee_attendance_all,model_employee_attendance,base.group_user,1,1,1,1
access_admin_panel_all,access_admin_panel_all,model_admin_panel,base.group_user,1,1,1,1
access_attendance_record_all,access_attendance_record_all,model_attendance_record,base.group_user,1,1,1,1
access_employee_attendance_all,access_employee_attendance_all,model_employee_attendance,base.group_user,1,1,1,1
access_s3_configuration_all,access_s3_configuration_all,model_s3_configuration,base.group_user,1,1,1,1