id,name,model_id:id,group_id:id,perm_read,perm_write,perm_create,perm_unlink
access_business_setup_user,business.setup.user,model_business_setup,base.group_user,1,1,1,1
access_business_registration_user,business.registration.user,model_business_registration,base.group_user,1,1,1,1
access_business_funding_user,business.funding.user,model_business_funding,base.group_user,1,1,1,1
access_financial_system_user,financial.system.user,model_business_financial_system,base.group_user,1,1,1,1
access_operation_setup_user,operation.setup.user,model_business_operation_setup,base.group_user,1,1,1,1
access_marketing_branding_user,marketing.branding.user,model_business_marketing_branding,base.group_user,1,1,1,1
access_business_software_user,business.software.user,model_business_software,base.group_user,1,1,1,1
access_business_hardware_user,business.hardware.user,model_business_hardware,base.group_user,1,1,1,1
access_growth_milestone_user,growth.milestone.user,model_growth_milestone,base.group_user,1,1,1,1