<odoo>
    <data noupdate="1">

        <record id="ir_cron_auto_checkout" model="ir.cron">
            <field name="name">Auto Checkout Employees</field>
            <field name="model_id" ref="hr_attendance.model_hr_attendance"/>
            <field name="state">code</field>
            <field name="code">model.auto_check_out_employees()</field>
            <field name="active">True</field>
            <field name="interval_number">1</field>
            <field name="interval_type">days</field>
<!--           <field name="nextcall" eval="datetime.now().replace(hour=19, minute=30, second=0, microsecond=0)"/>-->
<!--            <field name="nextcall" eval="(datetime.utcnow()).replace(hour=18, minute=40, second=0, microsecond=0).strftime('%Y-%m-%d %H:%M:%S')"/>-->
        </record>

          <record id="ir_cron_auto_get_monthly_leave_count" model="ir.cron">
            <field name="name">Get Monthly Leave Count</field>
            <field name="model_id" ref="hr_attendance.model_hr_attendance"/>
            <field name="state">code</field>
            <field name="code">model.get_monthly_leave_count()</field>
            <field name="active">True</field>
            <field name="interval_number">1</field>
            <field name="interval_type">days</field>
              <field name="nextcall" eval="(datetime.now().replace(hour=15, minute=0, second=0, microsecond=0)).strftime('%Y-%m-%d %H:%M:%S')"/>
        </record>



    </data>
</odoo>
