id,name,model_id:id,group_id:id,perm_read,perm_write,perm_create,perm_unlink
access_employee_survey,access_employee_survey,model_employee_survey,base.group_user,1,1,1,1
access_employee_survey_question,access_employee_survey_question,model_employee_survey_question,base.group_user,1,1,1,1
access_employee_survey_option,access_employee_survey_option,model_employee_survey_option,base.group_user,1,1,1,1
access_employee_survey_response,access_employee_survey_response,model_employee_survey_response,base.group_user,1,1,1,1
access_employee_survey_response_line,access_employee_survey_response_line,model_employee_survey_response_line,base.group_user,1,1,1,1

access_nomination_category,access_nomination_category,model_employee_nomination_category,,1,1,1,1
access_employee_nomination,access_employee_nomination,model_employee_nomination,,1,1,1,1

access_company_announcement,company.announcement,model_company_announcement,base.group_user,1,1,1,1
access_announcement_engagement,announcement.engagement,model_announcement_engagement,base.group_user,1,1,1,1
access_collaboration_forum,collaboration.forum,model_collaboration_forum,base.group_user,1,1,1,1
access_forum_post,forum.post,model_forum_post,base.group_user,1,1,1,1
access_employee_communication,access_employee_communication,model_employee_communication,,1,1,1,1


