<?xml version="1.0" encoding="utf-8"?>
<odoo>

    <record id="service_charge" model="product.product">
        <field name="name">Service Charge</field>
        <field name="type">service</field>
        <field name="description">Service charge</field>
        <field name="available_in_pos">True</field>
        <field name="is_service_charge">True</field>
        <field name="taxes_id" eval="[(5,)]"/>         <!-- no taxes -->
        <field name="supplier_taxes_id" eval="[(5,)]"/> <!-- no taxes -->
        <field name="uom_id" ref="uom.product_uom_unit"/>
        <field name="active" eval="True"/>
    </record>
</odoo>
