<odoo>
    <record id="ir_cron_salary_computation_monthly" model="ir.cron">
        <field name="name">Monthly Salary Computation</field>
        <field name="model_id" ref="payroll_management.model_hr_salary_calculation_custom"/>
        <field name="state">code</field>
        <field name="code">model.compute_all_salary_data()</field>
        <field name="active" eval="True"/>
        <field name="interval_number">1</field>
        <field name="interval_type">months</field>
        <field name="numbercall">-1</field>
        <field name="nextcall" eval="(datetime.now().replace(day=1) + relativedelta(months=1) - timedelta(days=1)).strftime('%Y-%m-%d 23:59:00')"/>
    </record>
</odoo>
