id,name,model_id:id,group_id:id,perm_read,perm_write,perm_create,perm_unlink
access_hr_training_category_manager,hr.training.category.manager,model_hr_training_category,hr.group_hr_manager,1,1,1,1
access_hr_training_category_user,hr.training.category.user,model_hr_training_category,base.group_user,1,0,0,0
access_hr_training_manager,hr.training.manager,model_hr_training,hr.group_hr_manager,1,1,1,1
access_hr_training_user,hr.training.user,model_hr_training,base.group_user,1,0,0,0
access_hr_training_enrollment_manager,hr.training.enrollment.manager,model_hr_training_enrollment,hr.group_hr_manager,1,1,1,1
access_hr_training_enrollment_user,hr.training.enrollment.user,model_hr_training_enrollment,base.group_user,1,1,1,0
access_hr_training_certificate,hr.training.certificate,model_hr_training_certificate,base.group_user,1,0,0,0
access_apply_training_manager,access_apply_training_manager,model_apply_training,hr_training_management.group_training_manager,1,1,1,1
access_apply_training_user,access_apply_training_user,model_apply_training,hr_training_management.group_training_user,1,0,1,0