<?xml version="1.0" encoding="UTF-8"?>
<templates xml:space="preserve">
    <t t-inherit="point_of_sale.ControlButtons" t-inherit-mode="extension">

          <xpath expr="//button[contains(@class, 'more-btn')]" position="before">
            <button
                class="btn btn-light btn-lg flex-shrink-0"
                t-on-click="()=>this.onClickButton()">
                <i class="fa fa-star"/>
                <span>My Button</span>
            </button>
        </xpath>

            </t>
<!-- <t t-name="pos_custom_page.CustomPOSButton" t-inherit="point_of_sale.ControlButtons" t-inherit-mode="extension">&ndash;&gt;-->

<!--          <xpath expr="//button[contains(@class, 'more-btn')]" position="before">-->
<!--            <button-->
<!--                class="btn btn-light btn-lg flex-shrink-0"-->
<!--                t-on-click="onClick">-->
<!--                <i class="fa fa-star"/>-->
<!--                <span>My Button</span>-->
<!--            </button>-->
<!--        </xpath>-->

<!--    </t>-->

</templates>
