<odoo>
    <record id="mail_template_attendance_alert" model="mail.template">
        <field name="name">Attendance Not Marked Alert</field>
        <field name="model_id" ref="hr.model_hr_employee"/>
<!--        <field name="email_from">{{ (object.work_email or '') }}</field>-->
        <field name="email_to">{{ object.parent_id.work_email }}</field>
        <field name="subject">Attendance Not Marked - ${object.name}</field>
        <field name="body_html" type="html">
            <div>
                <p>Dear <t t-out="object.parent_id.name"/> (Manager),</p>
                <p>This is to inform you that <strong><t t-out="object.name"/></strong> has not marked their attendance for today.</p>
                <p>Please verify if the employee is on leave or follow up with them accordingly.</p>
                <br/>
                <p>Regards,</p>
                <p>HR Department</p>
                <br/>
                <p><t t-out="object.company_id.name"/></p>
            </div>
        </field>
        <field name="lang">${object.parent_id.lang or 'en_US'}</field>
        <field name="auto_delete" eval="True"/>
    </record>
</odoo>
