<odoo>
    <data noupdate="1">
        <!-- 11 AM -->
        <record id="ir_cron_missing_attendance_11am" model="ir.cron">
            <field name="name">Check Missing Attendance - 11 AM</field>
            <field name="model_id" ref="model_shift_attendance_report"/>
            <field name="state">code</field>
            <field name="code">model.check_missing_attendance_and_notify()</field>
            <field name="interval_number">1</field>
            <field name="interval_type">days</field>
            <field name="numbercall">-1</field>
            <field name="nextcall" eval="(datetime.now().replace(hour=11, minute=0, second=0, microsecond=0)).strftime('%Y-%m-%d %H:%M:%S')"/>
        </record>

        <!-- 3 PM -->
        <record id="ir_cron_missing_attendance_3pm" model="ir.cron">
            <field name="name">Check Missing Attendance - 3 PM</field>
            <field name="model_id" ref="model_shift_attendance_report"/>
            <field name="state">code</field>
            <field name="code">model.check_missing_attendance_and_notify()</field>
            <field name="interval_number">1</field>
            <field name="interval_type">days</field>
            <field name="numbercall">-1</field>
            <field name="nextcall" eval="(datetime.now().replace(hour=15, minute=0, second=0, microsecond=0)).strftime('%Y-%m-%d %H:%M:%S')"/>
        </record>
    </data>
</odoo>
