<odoo>
    <record id="shift_notification_template" model="mail.template">
        <field name="name">Shift Allocation Notification</field>
        <field name="model_id" ref="model_hr_shift"/>
        <field name="subject">New Shift Assigned</field>
        <field name="email_from">${(user.email or '')|safe}</field>
        <field name="email_to">${object.employee_id.work_email}</field>
        <field name="body_html"><![CDATA[
            <p>Dear ${object.employee_id.name},</p>
            <p>You have been assigned a shift from ${object.start_time} to ${object.end_time}.</p>
        ]]></field>
    </record>
</odoo>
