id,name,model_id:id,group_id:id,perm_read,perm_write,perm_create,perm_unlink
access_hr_shift,access_hr_shift,model_hr_shift,base.group_user,1,1,1,1
access_hr_shift_swap,access_hr_shift_swap,model_hr_shift_swap,base.group_user,1,1,1,1

access_shift_productivity,access_shift_productivity,model_shift_productivity,base.group_user,1,0,0,0
access_hr_shift_productivity,access_hr_shift_productivihty,model_hr_shift_productivity,base.group_user,1,1,1,1

access_employee_task_report_user,employee.task.report user,model_employee_task_report,base.group_user,1,1,1,1
access_department_report_user,access.hr.department.report,model_hr_department_report,base.group_user,1,1,1,1

access_shift_attendance_report_user,access.shift.attendance.report.user,model_shift_attendance_report,base.group_user,1,1,1,1
access_shift_holiday_management_user,access.shift.holiday.management.user,model_shift_holiday_management,base.group_user,1,1,1,1
access_shift_attendance_daily_summary_user,access_shift_attendance_daily_summary_user,model_shift_attendance_daily_summary,base.group_user,1,1,1,1
access_bulk_attendance_mark_user,access.bulk.attendance.mark.user,model_bulk_attendance_mark,base.group_user,1,1,1,1
access_bulk_attendance_date_user,access.bulk.attendance.date.user,model_bulk_attendance_date,base.group_user,1,1,1,1
access_attendance_regularization_user,access_attendance_regularization_user,model_attendance_regularization,base.group_user,1,1,1,1


