<?xml version="1.0" encoding="UTF-8"?>
<odoo>
<!--    <record id="rule_employee_edit_own_shift" model="ir.rule">-->
<!--        <field name="name">Employee can edit their own shifts</field>-->
<!--        <field name="model_id" ref="model_hr_shift"/>-->
<!--        <field name="domain_force">[('employee_id.user_id','=',user.id)]</field>-->
<!--        <field name="groups" eval="[(4, ref('base.group_user'))]"/>-->
<!--        <field name="perm_read" eval="1"/>-->
<!--        <field name="perm_write" eval="1"/>-->
<!--        <field name="perm_create" eval="0"/>-->
<!--        <field name="perm_unlink" eval="0"/>-->
<!--    </record>-->

    <record id="rule_admin_all_shifts" model="ir.rule">
        <field name="name">Admin: Access All Shifts</field>
        <field name="model_id" ref="model_hr_shift"/>
        <field name="domain_force">[(1, '=', 1)]</field>  <!-- Always true -->
        <field name="groups" eval="[(4, ref('base.group_system'))]"/>
        <field name="perm_read" eval="1"/>
        <field name="perm_write" eval="1"/>
        <field name="perm_create" eval="1"/>
        <field name="perm_unlink" eval="1"/>
    </record>
</odoo>

