id,name,model_id:id,group_id:id,perm_read,perm_write,perm_create,perm_unlink
access_kpi_goal_user,kpi.goal user,model_kpi_goal,base.group_user,1,1,1,1
access_appraisal_feedback_user,access_appraisal_feedback_user,model_od_appraisal_feedback,base.group_user,1,1,1,0
access_appraisal_feedback_manager,access_appraisal_feedback_manager,model_od_appraisal_feedback,hr.group_hr_manager,1,1,1,1
access_performance_pip_user,access.performance.pip.user,model_performance_pip,base.group_user,1,0,0,0
access_performance_pip_manager,access.performance.pip.manager,model_performance_pip,base.group_system,1,1,1,1